call_site,callee,callee_label,callee_decoded,callee_confidence
0x402A,0x4155,adc_filter_helper_4155,true,strong
0x404A,0x5E82,adc_conversion_helper_5e82,true,strong
0x4064,0x41B2,sub_41B2,true,unannotated
0x4067,0x5D8D,sub_5D8D,true,unannotated
0x40B6,0xB42F,sub_B42F,true,unannotated
0x40BC,0x5D08,sub_5D08,true,unannotated
0x40D4,0xB42F,sub_B42F,true,unannotated
0x40DA,0x5BEC,sub_5BEC,true,unannotated
0x4136,0x4155,adc_filter_helper_4155,true,strong
0x4163,0xB42F,sub_B42F,true,unannotated
0x4182,0xB3F6,sub_B3F6,true,unannotated
0x4188,0x41B2,sub_41B2,true,unannotated
0x418B,0x5D8D,sub_5D8D,true,unannotated
0x41E9,0xB383,axis_lookup_u8,true,confirmed
0x4203,0xB3F6,sub_B3F6,true,unannotated
0x4328,0xB42F,sub_B42F,true,unannotated
0x432E,0x5BEC,sub_5BEC,true,unannotated
0x433A,0xB3F6,sub_B3F6,true,unannotated
0x4349,0xB383,axis_lookup_u8,true,confirmed
0x4353,0xB2AB,interp_1d_u8,true,confirmed
0x4378,0xB42F,sub_B42F,true,unannotated
0x437E,0x5D08,sub_5D08,true,unannotated
0x438A,0xB3F6,sub_B3F6,true,unannotated
0x4399,0xB383,axis_lookup_u8,true,confirmed
0x43A3,0xB2AB,interp_1d_u8,true,confirmed
0x43BA,0x43DC,sub_43DC,true,unannotated
0x43D2,0xB3F6,sub_B3F6,true,unannotated
0x43D7,0x43F3,sub_43F3,true,unannotated
0x43DC,0x5B1B,sub_5B1B,true,unannotated
0x43EE,0xB42F,sub_B42F,true,unannotated
0x4468,0x96D3,sub_96D3,true,unannotated
0x44B4,0xB2AB,interp_1d_u8,true,confirmed
0x44D6,0x4564,sub_4564,true,unannotated
0x44DF,0x4538,sub_4538,true,unannotated
0x44E8,0x4556,sub_4556,true,unannotated
0x44F1,0x45B0,sub_45B0,true,unannotated
0x44FA,0x45B8,sub_45B8,true,unannotated
0x4503,0x45CC,sub_45CC,true,unannotated
0x4521,0x45D4,sub_45D4,true,unannotated
0x4524,0x45F3,sub_45F3,true,unannotated
0x4527,0x460A,sub_460A,true,unannotated
0x452A,0x4642,sub_4642,true,unannotated
0x452D,0x4698,sub_4698,true,unannotated
0x4530,0x46BE,sub_46BE,true,unannotated
0x4533,0x477B,sub_477B,true,unannotated
0x453F,0x4980,sub_4980,true,unannotated
0x4544,0x48D8,sub_48D8,true,unannotated
0x4559,0x49A9,sub_49A9,true,unannotated
0x455C,0x49BA,sub_49BA,true,unannotated
0x455F,0x49CA,sub_49CA,true,unannotated
0x4599,0xB2AB,interp_1d_u8,true,confirmed
0x45AB,0x48D8,sub_48D8,true,unannotated
0x45B3,0x48D8,sub_48D8,true,unannotated
0x45BF,0xB2AB,interp_1d_u8,true,confirmed
0x45CF,0x4980,sub_4980,true,unannotated
0x46B9,0x4726,sub_4726,true,unannotated
0x46EB,0xB2AB,interp_1d_u8,true,confirmed
0x4721,0x4726,sub_4726,true,unannotated
0x48D8,0x48EE,lookup_base_spark,true,confirmed
0x48DA,0x4943,apply_spark_temperature_correction,true,strong
0x48E3,0x494F,sub_494F,true,unannotated
0x48FF,0xB2AB,interp_1d_u8,true,confirmed
0x4927,0xB2D6,interp_2d_u8,true,confirmed
0x496A,0xB32B,interp_2d_s8,true,confirmed
0x4998,0x49A3,sub_49A3,true,unannotated
0x499C,0x49A9,sub_49A9,true,unannotated
0x499E,0x49BA,sub_49BA,true,unannotated
0x49B0,0xB2AB,interp_1d_u8,true,confirmed
0x49C1,0xB2AB,interp_1d_u8,true,confirmed
0x4AD8,0x4B13,sub_4B13,true,unannotated
0x4AF0,0x4B52,sub_4B52,true,unannotated
0x4AF7,0x4B13,sub_4B13,true,unannotated
0x4B0F,0x4B52,sub_4B52,true,unannotated
0x4B63,0x4EA3,sub_4EA3,true,unannotated
0x4B81,0x4B87,sub_4B87,true,unannotated
0x4B99,0x4BB5,sub_4BB5,true,unannotated
0x4B9D,0x4BB5,sub_4BB5,true,unannotated
0x4BA1,0x4BB5,sub_4BB5,true,unannotated
0x4BE7,0x4B52,sub_4B52,true,unannotated
0x4BEC,0x69DE,sub_69DE,true,unannotated
0x4C0C,0x4B52,sub_4B52,true,unannotated
0x4C11,0x69DE,sub_69DE,true,unannotated
0x4C97,0x4C36,sub_4C36,true,unannotated
0x4CD5,0x4C36,sub_4C36,true,unannotated
0x4E36,0x4B87,sub_4B87,true,unannotated
0x4E3F,0x4C36,sub_4C36,true,unannotated
0x4E45,0x4EA3,sub_4EA3,true,unannotated
0x4E4C,0x4B87,sub_4B87,true,unannotated
0x4EEC,0x4C36,sub_4C36,true,unannotated
0x4F6E,0xBDEC,sub_BDEC,true,unannotated
0x4FA0,0xBD6E,sub_BD6E,true,unannotated
0x4FBA,0x54B6,hardware_io_countdown_helper_54b6,true,strong
0x5031,0x54C8,hardware_io_bit_clear_helper,true,confirmed
0x504D,0x54B6,hardware_io_countdown_helper_54b6,true,strong
0x506A,0xBD6E,sub_BD6E,true,unannotated
0x5079,0x54EB,hardware_io_bit_set_helper,true,confirmed
0x5081,0x54FE,hardware_io_bit_update_helper,true,confirmed
0x5087,0x54FE,hardware_io_bit_update_helper,true,confirmed
0x508D,0x54EB,hardware_io_bit_set_helper,true,confirmed
0x5093,0x54FE,hardware_io_bit_update_helper,true,confirmed
0x509E,0x54EB,hardware_io_bit_set_helper,true,confirmed
0x50A4,0x54EB,hardware_io_bit_set_helper,true,confirmed
0x50AA,0x54EB,hardware_io_bit_set_helper,true,confirmed
0x50B0,0x54EB,hardware_io_bit_set_helper,true,confirmed
0x50B6,0x54EB,hardware_io_bit_set_helper,true,confirmed
0x50BC,0x54EB,hardware_io_bit_set_helper,true,confirmed
0x50C2,0x54FE,hardware_io_bit_update_helper,true,confirmed
0x50CD,0x54EB,hardware_io_bit_set_helper,true,confirmed
0x5104,0x54FE,hardware_io_bit_update_helper,true,confirmed
0x510E,0x54EB,hardware_io_bit_set_helper,true,confirmed
0x511C,0x54EB,hardware_io_bit_set_helper,true,confirmed
0x5122,0x54EB,hardware_io_bit_set_helper,true,confirmed
0x5129,0x54EB,hardware_io_bit_set_helper,true,confirmed
0x5136,0x54EB,hardware_io_bit_set_helper,true,confirmed
0x5158,0x54EB,hardware_io_bit_set_helper,true,confirmed
0x5168,0x54EB,hardware_io_bit_set_helper,true,confirmed
0x5173,0x54FE,hardware_io_bit_update_helper,true,confirmed
0x5179,0x54FE,hardware_io_bit_update_helper,true,confirmed
0x5180,0x54FE,hardware_io_bit_update_helper,true,confirmed
0x518B,0x54FE,hardware_io_bit_update_helper,true,confirmed
0x51D4,0x54FE,hardware_io_bit_update_helper,true,confirmed
0x51DF,0x54EB,hardware_io_bit_set_helper,true,confirmed
0x51EA,0x54FE,hardware_io_bit_update_helper,true,confirmed
0x51FB,0xBD6E,sub_BD6E,true,unannotated
0x520A,0x54EB,hardware_io_bit_set_helper,true,confirmed
0x5215,0x54EB,hardware_io_bit_set_helper,true,confirmed
0x5218,0x54A3,hardware_io_flag_helper_54a3,true,strong
0x522C,0x54FE,hardware_io_bit_update_helper,true,confirmed
0x5237,0x54FE,hardware_io_bit_update_helper,true,confirmed
0x524B,0x54EB,hardware_io_bit_set_helper,true,confirmed
0x5256,0x54EB,hardware_io_bit_set_helper,true,confirmed
0x5261,0x54FE,hardware_io_bit_update_helper,true,confirmed
0x5274,0x54EB,hardware_io_bit_set_helper,true,confirmed
0x527C,0x54A3,hardware_io_flag_helper_54a3,true,strong
0x5298,0x54FE,hardware_io_bit_update_helper,true,confirmed
0x52A3,0x54FE,hardware_io_bit_update_helper,true,confirmed
0x52DD,0xBD6E,sub_BD6E,true,unannotated
0x52EC,0x54EB,hardware_io_bit_set_helper,true,confirmed
0x52F7,0x54EB,hardware_io_bit_set_helper,true,confirmed
0x52FA,0x54A3,hardware_io_flag_helper_54a3,true,strong
0x5330,0x54FE,hardware_io_bit_update_helper,true,confirmed
0x533C,0x54FE,hardware_io_bit_update_helper,true,confirmed
0x534A,0x54FE,hardware_io_bit_update_helper,true,confirmed
0x535D,0x54EB,hardware_io_bit_set_helper,true,confirmed
0x5369,0x54EB,hardware_io_bit_set_helper,true,confirmed
0x5374,0x54EB,hardware_io_bit_set_helper,true,confirmed
0x5377,0x54A3,hardware_io_flag_helper_54a3,true,strong
0x53B1,0x54EB,hardware_io_bit_set_helper,true,confirmed
0x53BC,0x54FE,hardware_io_bit_update_helper,true,confirmed
0x53C7,0x54FE,hardware_io_bit_update_helper,true,confirmed
0x5419,0xBD6E,sub_BD6E,true,unannotated
0x5428,0x54EB,hardware_io_bit_set_helper,true,confirmed
0x5433,0x54FE,hardware_io_bit_update_helper,true,confirmed
0x543E,0x54FE,hardware_io_bit_update_helper,true,confirmed
0x5444,0x54FE,hardware_io_bit_update_helper,true,confirmed
0x544B,0x54FE,hardware_io_bit_update_helper,true,confirmed
0x5467,0x54EB,hardware_io_bit_set_helper,true,confirmed
0x5473,0x54FE,hardware_io_bit_update_helper,true,confirmed
0x5486,0x54EB,hardware_io_bit_set_helper,true,confirmed
0x549C,0x5511,sub_5511,true,unannotated
0x549F,0x5550,sub_5550,true,unannotated
0x54AD,0x54EB,hardware_io_bit_set_helper,true,confirmed
0x560F,0xB2AB,interp_1d_u8,true,confirmed
0x5618,0xB2AB,interp_1d_u8,true,confirmed
0x5660,0x5792,sub_5792,true,unannotated
0x5680,0x9747,sub_9747,true,unannotated
0x56A1,0x56FB,sub_56FB,true,unannotated
0x56D8,0x5741,sub_5741,true,unannotated
0x56DC,0x57C0,sub_57C0,true,unannotated
0x56E4,0x5792,sub_5792,true,unannotated
0x56FB,0x571F,sub_571F,true,unannotated
0x5751,0x57B4,sub_57B4,true,unannotated
0x575F,0xB2AB,interp_1d_u8,true,confirmed
0x577A,0x5792,sub_5792,true,unannotated
0x57D2,0x57B4,sub_57B4,true,unannotated
0x58EA,0x6344,load_aircharge_model,true,strong
0x5999,0x59A8,sub_59A8,true,unannotated
0x59A0,0x59CA,sub_59CA,true,unannotated
0x59A3,0x59F4,sub_59F4,true,unannotated
0x5A6C,0x58F2,sub_58F2,true,unannotated
0x5A74,0x5982,sub_5982,true,unannotated
0x5A91,0x636C,sub_636C,true,unannotated
0x5B68,0x58F2,sub_58F2,true,unannotated
0x5B70,0x5982,sub_5982,true,unannotated
0x5C67,0x58F2,sub_58F2,true,unannotated
0x5C6F,0x5982,sub_5982,true,unannotated
0x5C9D,0x5CF6,sub_5CF6,true,unannotated
0x5CFC,0xB383,axis_lookup_u8,true,confirmed
0x5D03,0xB2AB,interp_1d_u8,true,confirmed
0x5D4C,0x58F2,sub_58F2,true,unannotated
0x5D54,0x5982,sub_5982,true,unannotated
0x5D6B,0x5D7B,sub_5D7B,true,unannotated
0x5D81,0xB383,axis_lookup_u8,true,confirmed
0x5D88,0xB2AB,interp_1d_u8,true,confirmed
0x5E45,0x58F2,sub_58F2,true,unannotated
0x5E4F,0x5982,sub_5982,true,unannotated
0x5E74,0x6344,load_aircharge_model,true,strong
0x5EDB,0x58F2,sub_58F2,true,unannotated
0x5EE3,0x5982,sub_5982,true,unannotated
0x5F64,0x58F2,sub_58F2,true,unannotated
0x5F6C,0x5982,sub_5982,true,unannotated
0x5FCC,0x58F2,sub_58F2,true,unannotated
0x5FD7,0x5982,sub_5982,true,unannotated
0x6022,0x58F2,sub_58F2,true,unannotated
0x602A,0x5982,sub_5982,true,unannotated
0x604E,0x58F2,sub_58F2,true,unannotated
0x6056,0x5982,sub_5982,true,unannotated
0x609F,0x58F2,sub_58F2,true,unannotated
0x60AC,0x5982,sub_5982,true,unannotated
0x60F5,0x58F2,sub_58F2,true,unannotated
0x6102,0x5982,sub_5982,true,unannotated
0x6124,0x58F2,sub_58F2,true,unannotated
0x612E,0x5982,sub_5982,true,unannotated
0x614E,0x58F2,sub_58F2,true,unannotated
0x6156,0x5982,sub_5982,true,unannotated
0x617A,0x58F2,sub_58F2,true,unannotated
0x6182,0x5982,sub_5982,true,unannotated
0x61F0,0x6219,sub_6219,true,unannotated
0x6205,0x58F2,sub_58F2,true,unannotated
0x6214,0x5982,sub_5982,true,unannotated
0x62FB,0x58F2,sub_58F2,true,unannotated
0x630D,0x5982,sub_5982,true,unannotated
0x6331,0x58F2,sub_58F2,true,unannotated
0x633F,0x5982,sub_5982,true,unannotated
0x6354,0xB383,axis_lookup_u8,true,confirmed
0x6366,0xB2D6,interp_2d_u8,true,confirmed
0x640C,0xE132,sub_E132,true,unannotated
0x645C,0xE326,sub_E326,true,unannotated
0x6509,0xE32F,sub_E32F,true,unannotated
0x6553,0x667C,sub_667C,true,unannotated
0x657B,0x636C,sub_636C,true,unannotated
0x6596,0x69CF,sub_69CF,true,unannotated
0x65D8,0x663D,sub_663D,true,unannotated
0x65F6,0x6654,sub_6654,true,unannotated
0x660B,0x665E,sub_665E,true,unannotated
0x661C,0x6654,sub_6654,true,unannotated
0x662C,0x6654,sub_6654,true,unannotated
0x6638,0x665E,sub_665E,true,unannotated
0x66B1,0x66FA,sub_66FA,true,unannotated
0x6836,0x672E,sub_672E,true,unannotated
0x690A,0x672E,sub_672E,true,unannotated
0x690D,0x667C,sub_667C,true,unannotated
0x69CB,0x6795,sub_6795,true,unannotated
0x6A12,0x667C,sub_667C,true,unannotated
0x6A15,0x672E,sub_672E,true,unannotated
0x6A3E,0x69DE,sub_69DE,true,unannotated
0x6BBE,0x6BCB,sub_6BCB,true,unannotated
0x6BC0,0x6C1B,sub_6C1B,true,unannotated
0x6BC2,0x6C31,sub_6C31,true,unannotated
0x6BC4,0x6C56,sub_6C56,true,unannotated
0x6BC7,0x6C06,sub_6C06,true,unannotated
0x6BFD,0x6D33,sub_6D33,true,unannotated
0x6C06,0x667C,sub_667C,true,unannotated
0x6C0D,0x6D33,sub_6D33,true,unannotated
0x6C13,0x69CF,sub_69CF,true,unannotated
0x6C56,0x69B8,sub_69B8,true,unannotated
0x6C6A,0x650D,runtime_state_650d,true,open
0x6C78,0x6D33,sub_6D33,true,unannotated
0x6CFB,0x672E,sub_672E,true,unannotated
0x6CFE,0x65D8,sub_65D8,true,unannotated
0x6D2F,0xC9C8,sub_C9C8,true,unannotated
0x6D96,0x6E70,sub_6E70,true,unannotated
0x6D99,0x6C31,sub_6C31,true,unannotated
0x6DE8,0x6E86,sub_6E86,true,unannotated
0x6DEB,0x6B54,sub_6B54,true,unannotated
0x6DFA,0x6E86,sub_6E86,true,unannotated
0x6DFD,0x6AEB,sub_6AEB,true,unannotated
0x6E0C,0x6B54,sub_6B54,true,unannotated
0x6E1B,0x6AEB,sub_6AEB,true,unannotated
0x6E2A,0x6A2C,sub_6A2C,true,unannotated
0x6E3E,0x6A2C,sub_6A2C,true,unannotated
0x6E55,0x6568,sub_6568,true,unannotated
0x6E82,0x6BCB,sub_6BCB,true,unannotated
0x6ECA,0xB2D6,interp_2d_u8,true,confirmed
0x6F4B,0x440D,sub_440D,true,unannotated
0x703E,0x589C,sub_589C,true,unannotated
0x7132,0xB26E,interp_1d_word,true,confirmed
0x7150,0xB2AB,interp_1d_u8,true,confirmed
0x716E,0xB2AB,interp_1d_u8,true,confirmed
0x71BA,0x589C,sub_589C,true,unannotated
0x71C0,0x440D,sub_440D,true,unannotated
0x7212,0xB2AB,interp_1d_u8,true,confirmed
0x7270,0xB2D6,interp_2d_u8,true,confirmed
0x72B9,0x431A,preprocess_cts_path,true,strong
0x72C3,0xB2AB,interp_1d_u8,true,confirmed
0x730F,0xEF2A,sub_EF2A,true,unannotated
0x73E0,0x7CB3,sub_7CB3,true,unannotated
0x748A,0x7C57,sub_7C57,true,unannotated
0x7496,0x7C8A,sub_7C8A,true,unannotated
0x74A1,0x74BF,sub_74BF,true,unannotated
0x74BB,0x74BF,sub_74BF,true,unannotated
0x750E,0x77A2,sub_77A2,true,unannotated
0x753E,0x7BD9,sub_7BD9,true,unannotated
0x7541,0x7C6E,sub_7C6E,true,unannotated
0x7555,0x7BD9,sub_7BD9,true,unannotated
0x7558,0x7CA1,sub_7CA1,true,unannotated
0x773D,0x5877,sub_5877,true,unannotated
0x7740,0xBD13,sub_BD13,true,unannotated
0x7743,0xB447,fuel_runtime_sequence,true,strong
0x776D,0x93BE,sub_93BE,true,unannotated
0x777A,0x7CF4,sub_7CF4,true,unannotated
0x777F,0x7D14,sub_7D14,true,unannotated
0x7784,0x9435,sub_9435,true,unannotated
0x7791,0x7D34,sub_7D34,true,unannotated
0x7796,0x7D54,sub_7D54,true,unannotated
0x784B,0x7C8A,sub_7C8A,true,unannotated
0x784E,0x7CA1,sub_7CA1,true,unannotated
0x786F,0x7C57,sub_7C57,true,unannotated
0x7872,0x7C6E,sub_7C6E,true,unannotated
0x788B,0x7F1C,sub_7F1C,true,unannotated
0x7948,0x9536,sub_9536,true,unannotated
0x799B,0x9536,sub_9536,true,unannotated
0x7A7C,0x7C57,sub_7C57,true,unannotated
0x7A7F,0x7C6E,sub_7C6E,true,unannotated
0x7A93,0x7F1C,sub_7F1C,true,unannotated
0x7B19,0x7F1C,sub_7F1C,true,unannotated
0x7B69,0x7CB3,sub_7CB3,true,unannotated
0x7B6C,0x93BE,sub_93BE,true,unannotated
0x7B7A,0x7CF4,sub_7CF4,true,unannotated
0x7B7D,0x7C8A,sub_7C8A,true,unannotated
0x7B80,0x7CA1,sub_7CA1,true,unannotated
0x7B83,0x9435,sub_9435,true,unannotated
0x7B91,0x7D34,sub_7D34,true,unannotated
0x7B94,0x7C57,sub_7C57,true,unannotated
0x7B97,0x7C6E,sub_7C6E,true,unannotated
0x7D03,0x7E78,sub_7E78,true,unannotated
0x7D09,0x7DCF,sub_7DCF,true,unannotated
0x7D0F,0x7D74,sub_7D74,true,unannotated
0x7D23,0x7E78,sub_7E78,true,unannotated
0x7D29,0x7DCF,sub_7DCF,true,unannotated
0x7D2F,0x7D74,sub_7D74,true,unannotated
0x7D43,0x7E9B,sub_7E9B,true,unannotated
0x7D49,0x7DCF,sub_7DCF,true,unannotated
0x7D4F,0x7D74,sub_7D74,true,unannotated
0x7D63,0x7E9B,sub_7E9B,true,unannotated
0x7D69,0x7DCF,sub_7DCF,true,unannotated
0x7D6F,0x7D74,sub_7D74,true,unannotated
0x7E7D,0x7F1C,sub_7F1C,true,unannotated
0x7EA0,0x7F1C,sub_7F1C,true,unannotated
0x7F46,0xBC1A,sub_BC1A,true,unannotated
0x7FB9,0xBC1A,sub_BC1A,true,unannotated
0x7FEE,0x7C57,sub_7C57,true,unannotated
0x7FF1,0x7C6E,sub_7C6E,true,unannotated
0x7FF6,0x7C8A,sub_7C8A,true,unannotated
0x7FF9,0x7CA1,sub_7CA1,true,unannotated
0x93C5,0x96DA,sub_96DA,true,unannotated
0x93D0,0x94AC,sub_94AC,true,unannotated
0x93FF,0x94E2,sub_94E2,true,unannotated
0x9425,0x9523,sub_9523,true,unannotated
0x943C,0x96DA,sub_96DA,true,unannotated
0x9447,0x94AC,sub_94AC,true,unannotated
0x9476,0x94E2,sub_94E2,true,unannotated
0x949C,0x9523,sub_9523,true,unannotated
0x952C,0xB2AB,interp_1d_u8,true,confirmed
0x95B1,0x9523,sub_9523,true,unannotated
0x961C,0xBD6E,sub_BD6E,true,unannotated
0x965A,0xC9C8,sub_C9C8,true,unannotated
0x965D,0xC97C,sub_C97C,true,unannotated
0x9660,0x40E5,sub_40E5,true,unannotated
0x9663,0x9E87,sub_9E87,true,unannotated
0x9666,0x5E82,adc_conversion_helper_5e82,true,strong
0x9669,0x41D6,build_transient_axis_2042,true,confirmed
0x966C,0x9789,sub_9789,true,unannotated
0x966F,0x416B,sub_416B,true,unannotated
0x9672,0x9BFE,sub_9BFE,true,unannotated
0x9675,0x97C5,sub_97C5,true,unannotated
0x9678,0x7101,sub_7101,true,unannotated
0x967B,0x4405,sub_4405,true,unannotated
0x967E,0xCBA9,sub_CBA9,true,unannotated
0x9681,0xBDF6,sub_BDF6,true,unannotated
0x9684,0xA002,sub_A002,true,unannotated
0x968B,0xBDEC,sub_BDEC,true,unannotated
0x96B3,0x654C,sub_654C,true,unannotated
0x96B6,0x562A,sub_562A,true,unannotated
0x96B9,0x4772,sub_4772,true,unannotated
0x96BC,0xBD6E,sub_BD6E,true,unannotated
0x96C3,0x4D21,sub_4D21,true,unannotated
0x96C6,0x58B7,sub_58B7,true,unannotated
0x96C9,0x9EC5,sub_9EC5,true,unannotated
0x97E1,0xB2AB,interp_1d_u8,true,confirmed
0x9805,0xB3F6,sub_B3F6,true,unannotated
0x994C,0xE972,sub_E972,true,unannotated
0x99E6,0xE993,sub_E993,true,unannotated
0x9B1D,0x9B79,sub_9B79,true,unannotated
0x9B68,0xB2AB,interp_1d_u8,true,confirmed
0x9B6E,0x9BB5,sub_9BB5,true,unannotated
0x9BAE,0xB2D6,interp_2d_u8,true,confirmed
0x9C02,0x9BB5,sub_9BB5,true,unannotated
0x9D1A,0xB2AB,interp_1d_u8,true,confirmed
0x9D51,0x9D56,sub_9D56,true,unannotated
0x9D53,0x9D88,sub_9D88,true,unannotated
0x9EC5,0xA759,sub_A759,true,unannotated
0xA529,0xA619,sub_A619,true,unannotated
0xA535,0xA619,sub_A619,true,unannotated
0xA541,0xA619,sub_A619,true,unannotated
0xA549,0xA5F7,sub_A5F7,true,unannotated
0xA574,0xA619,sub_A619,true,unannotated
0xA57C,0xA5F7,sub_A5F7,true,unannotated
0xA59B,0xA5F7,sub_A5F7,true,unannotated
0xA5BA,0xA5F7,sub_A5F7,true,unannotated
0xB40F,0xB41C,sub_B41C,true,unannotated
0xB417,0xB41C,sub_B41C,true,unannotated
0xB447,0x4292,sub_4292,true,unannotated
0xB44A,0xB57F,sub_B57F,true,unannotated
0xB44D,0xD0C8,sub_D0C8,true,unannotated
0xB454,0x6EEE,fuel_output_scheduler,true,confirmed
0xB457,0xE9A8,afterstart_state_handler,true,confirmed
0xB45A,0xE38B,fuel_signed_trim_lookup,true,confirmed
0xB45D,0x6E96,high_load_final_fuel_stage,true,strong
0xB462,0xE9A8,afterstart_state_handler,true,confirmed
0xB465,0xE38B,fuel_signed_trim_lookup,true,confirmed
0xB468,0x6E96,high_load_final_fuel_stage,true,strong
0xB46B,0x6EEE,fuel_output_scheduler,true,confirmed
0xB46E,0x9A16,sub_9A16,true,unannotated
0xB471,0xAFC0,sub_AFC0,true,unannotated
0xB4A1,0x956B,period_history_init,true,confirmed
0xB4D7,0xCB5B,sub_CB5B,true,unannotated
0xB863,0x5A79,sub_5A79,true,unannotated
0xB86A,0xE227,sub_E227,true,unannotated
0xB887,0x9EAF,sub_9EAF,true,unannotated
0xB88A,0xBDEC,sub_BDEC,true,unannotated
0xB88D,0x4AA7,sub_4AA7,true,unannotated
0xB890,0x4B63,sub_4B63,true,unannotated
0xB893,0xA6E5,sci_buffers_init,true,strong
0xB896,0xA696,sci_mode_init,true,strong
0xB8BB,0x4017,adc_sample_group_a,true,confirmed
0xB8D3,0x4034,adc_sample_group_b,true,confirmed
0xB8D6,0x40A8,sub_40A8,true,unannotated
0xB8DD,0x9E98,sub_9E98,true,unannotated
0xB8E0,0xEF71,sub_EF71,true,unannotated
0xB8E3,0x409C,sub_409C,true,unannotated
0xB8E6,0xD176,sub_D176,true,unannotated
0xB8E9,0x729D,sub_729D,true,unannotated
0xB8EC,0xB95F,sub_B95F,true,unannotated
0xB8EF,0xCAD7,sub_CAD7,true,unannotated
0xB8F2,0xBC12,sub_BC12,true,unannotated
0xB8F5,0xCB6E,sub_CB6E,true,unannotated
0xB8F8,0x4079,sub_4079,true,unannotated
0xB8FB,0xD6AC,runtime_variables_init,true,confirmed
0xB904,0x956B,period_history_init,true,confirmed
0xB907,0x4421,sub_4421,true,unannotated
0xB90A,0xE77E,sub_E77E,true,unannotated
0xB90D,0xCB43,sub_CB43,true,unannotated
0xB910,0x9B61,sub_9B61,true,unannotated
0xB913,0xA012,sub_A012,true,unannotated
0xB916,0xCBC4,sub_CBC4,true,unannotated
0xB919,0x5652,mode_control_init_5652,true,open
0xB91C,0x67A3,state_or_comms_init_67a3,true,open
0xB91F,0xBB98,ignition_output_init,true,strong
0xB922,0xB555,countdown_init_b555,true,strong
0xBA30,0x636C,sub_636C,true,unannotated
0xBA57,0xB2D6,interp_2d_u8,true,confirmed
0xBA64,0xB2AB,interp_1d_u8,true,confirmed
0xBA71,0xB2BA,interp_1d_s8,true,strong
0xBA7E,0xB2AB,interp_1d_u8,true,confirmed
0xBA8B,0xB2AB,interp_1d_u8,true,confirmed
0xBA98,0xB2AB,interp_1d_u8,true,confirmed
0xBAAE,0xB2AB,interp_1d_u8,true,confirmed
0xBADD,0xBB3F,sub_BB3F,true,unannotated
0xBAFA,0xBB3F,sub_BB3F,true,unannotated
0xBB17,0xBB3F,sub_BB3F,true,unannotated
0xBB34,0xBB3F,sub_BB3F,true,unannotated
0xBB3F,0xB3F6,sub_B3F6,true,unannotated
0xBD27,0xBD59,sub_BD59,true,unannotated
0xBD33,0xBD59,sub_BD59,true,unannotated
0xBDFD,0x9707,sub_9707,true,unannotated
0xBE90,0xB2D6,interp_2d_u8,true,confirmed
0xBE9D,0xB2AB,interp_1d_u8,true,confirmed
0xBF0F,0xBF62,sub_BF62,true,unannotated
0xBF35,0xBF62,sub_BF62,true,unannotated
0xC012,0x96E9,sub_96E9,true,unannotated
0xC037,0xB2AB,interp_1d_u8,true,confirmed
0xC121,0xB2AB,interp_1d_u8,true,confirmed
0xC12E,0xB2AB,interp_1d_u8,true,confirmed
0xC13B,0xB2AB,interp_1d_u8,true,confirmed
0xC224,0xB2AB,interp_1d_u8,true,confirmed
0xC27D,0xB3F6,sub_B3F6,true,unannotated
0xC289,0xB383,axis_lookup_u8,true,confirmed
0xC2A9,0xB2AB,interp_1d_u8,true,confirmed
0xC2BE,0xB2D6,interp_2d_u8,true,confirmed
0xC578,0xCB43,sub_CB43,true,unannotated
0xC5A5,0xCAC5,sub_CAC5,true,unannotated
0xC5B2,0xCAC5,sub_CAC5,true,unannotated
0xC5BF,0xCAC5,sub_CAC5,true,unannotated
0xC5CC,0xCAC5,sub_CAC5,true,unannotated
0xC5D9,0xCAC5,sub_CAC5,true,unannotated
0xC5E6,0xCAC5,sub_CAC5,true,unannotated
0xC5F3,0xCAC5,sub_CAC5,true,unannotated
0xC6E2,0xCAC5,sub_CAC5,true,unannotated
0xC6EE,0xCAC5,sub_CAC5,true,unannotated
0xC72B,0xCAC5,sub_CAC5,true,unannotated
0xC810,0x6312,sub_6312,true,unannotated
0xCAC0,0x9759,sub_9759,true,unannotated
0xCB20,0xCB5B,sub_CB5B,true,unannotated
0xCB4A,0xC94B,adaptive_cell_interpolation,true,confirmed
0xCB54,0xC94B,adaptive_cell_interpolation,true,confirmed
0xCBB9,0xD1A4,sub_D1A4,true,unannotated
0xCBBC,0xCC00,adaptive_trim_update_gate,true,strong
0xCBBF,0xCE3A,sub_CE3A,true,unannotated
0xCC38,0xB2AB,interp_1d_u8,true,confirmed
0xCCDF,0xCD3A,sub_CD3A,true,unannotated
0xCCEA,0xCD6D,sub_CD6D,true,unannotated
0xCD13,0xCD6D,sub_CD6D,true,unannotated
0xCD1B,0xCD3A,sub_CD3A,true,unannotated
0xCD27,0xCD6D,sub_CD6D,true,unannotated
0xCD30,0xCD6D,sub_CD6D,true,unannotated
0xCD35,0xCD3A,sub_CD3A,true,unannotated
0xCE11,0xB407,sub_B407,true,unannotated
0xCE98,0xD03C,sub_D03C,true,unannotated
0xCEC6,0xD03C,sub_D03C,true,unannotated
0xCECB,0xD04C,sub_D04C,true,unannotated
0xCF3C,0xD03C,sub_D03C,true,unannotated
0xCF6A,0xD03C,sub_D03C,true,unannotated
0xCF6F,0xD04C,sub_D04C,true,unannotated
0xCFD0,0xD00F,sub_D00F,true,unannotated
0xCFE0,0xD00F,sub_D00F,true,unannotated
0xCFF0,0xD00F,sub_D00F,true,unannotated
0xD000,0xD00F,sub_D00F,true,unannotated
0xD009,0x6252,sub_6252,true,unannotated
0xD0BD,0x6252,sub_6252,true,unannotated
0xD131,0xB2D6,interp_2d_u8,true,confirmed
0xD13D,0xB2D6,interp_2d_u8,true,confirmed
0xD149,0xB2D6,interp_2d_u8,true,confirmed
0xD15A,0xB2D6,interp_2d_u8,true,confirmed
0xD16E,0xB3F6,sub_B3F6,true,unannotated
0xD370,0xB476,runtime_stage_b476,true,open
0xD373,0xB48C,runtime_stage_b48c,true,open
0xD376,0xC910,runtime_stage_c910,true,open
0xD379,0x5828,runtime_input_processing_5828,true,open
0xD37C,0xB562,runtime_stage_b562,true,open
0xD37F,0x650D,runtime_state_650d,true,open
0xD3D9,0x42D0,sub_42D0,true,unannotated
0xD3DC,0x4C5B,sub_4C5B,true,unannotated
0xD3DF,0x4ECD,sub_4ECD,true,unannotated
0xD3E2,0x9D25,runtime_stage_9d25,true,open
0xD3E5,0x4214,sub_4214,true,unannotated
0xD40F,0x5AD6,incremental_rom_checksum,true,confirmed
0xD412,0x602F,runtime_stage_602f,true,open
0xD415,0x6107,runtime_stage_6107,true,open
0xD418,0x6133,runtime_stage_6133,true,open
0xD41B,0x615B,runtime_stage_615b,true,open
0xD41E,0x6187,runtime_stage_6187,true,open
0xD421,0x62DC,runtime_stage_62dc,true,open
0xD42B,0x6836,mode_handler_6836,true,open
0xD434,0x68F3,mode_handler_68f3,true,open
0xD444,0x6A12,mode_handler_6a12,true,open
0xD44D,0x6A12,mode_handler_6a12,true,open
0xD456,0x6D43,mode_handler_6d43,true,open
0xD45D,0xC000,closed_loop_adaptive_state_machine,true,confirmed
0xD46A,0x5F27,sub_5F27,true,unannotated
0xD47C,0xB3B9,period_axis_lookup,true,confirmed
0xD4A9,0x9D13,sub_9D13,true,unannotated
0xD4C2,0xB407,sub_B407,true,unannotated
0xD4D5,0xD703,sub_D703,true,unannotated
0xD4E5,0xD79B,sub_D79B,true,unannotated
0xD505,0x5B95,sub_5B95,true,unannotated
0xD508,0x5F71,sub_5F71,true,unannotated
0xD517,0x723E,sub_723E,true,unannotated
0xD590,0x5679,sub_5679,true,unannotated
0xD593,0x55F8,sub_55F8,true,unannotated
0xD596,0x4461,sub_4461,true,unannotated
0xD599,0xC000,closed_loop_adaptive_state_machine,true,confirmed
0xD5A3,0x605B,sub_605B,true,unannotated
0xD5AD,0x60B1,sub_60B1,true,unannotated
0xD5B0,0xCB9B,sub_CB9B,true,unannotated
0xD5B3,0xA3DE,sub_A3DE,true,unannotated
0xD5B6,0xEBB4,sub_EBB4,true,unannotated
0xD5B9,0x436A,preprocess_iat_path,true,strong
0xD5BC,0x431A,preprocess_cts_path,true,strong
0xD5BF,0x43BA,sub_43BA,true,unannotated
0xD5C2,0x5A29,sub_5A29,true,unannotated
0xD5C5,0xE7DD,sub_E7DD,true,unannotated
0xD5C8,0xD6F5,sub_D6F5,true,unannotated
0xD5DA,0x96DA,sub_96DA,true,unannotated
0xD5E6,0xB2AB,interp_1d_u8,true,confirmed
0xD5F6,0xB2AB,interp_1d_u8,true,confirmed
0xD607,0xB26E,interp_1d_word,true,confirmed
0xD60D,0xBA34,sub_BA34,true,unannotated
0xD610,0x5FDC,sub_5FDC,true,unannotated
0xD613,0xD105,sub_D105,true,unannotated
0xD616,0x9D51,sub_9D51,true,unannotated
0xD68F,0x6451,sub_6451,true,unannotated
0xD698,0x4E0B,sub_4E0B,true,unannotated
0xD6A1,0x4BCD,sub_4BCD,true,unannotated
0xD6A6,0x65D8,sub_65D8,true,unannotated
0xD6D3,0x436A,preprocess_iat_path,true,strong
0xD6D6,0x431A,preprocess_cts_path,true,strong
0xD6DF,0x43DC,sub_43DC,true,unannotated
0xD6E5,0x43F3,sub_43F3,true,unannotated
0xD6E8,0xD6F5,sub_D6F5,true,unannotated
0xD6FC,0xB2BA,interp_1d_s8,true,strong
0xD7AE,0xB407,sub_B407,true,unannotated
0xD80C,0xD829,sub_D829,true,unannotated
0xD822,0xD896,sub_D896,true,unannotated
0xD824,0xD941,sub_D941,true,unannotated
0xD86F,0xBDEC,sub_BDEC,true,unannotated
0xD872,0xDA5A,sub_DA5A,true,unannotated
0xD8FA,0xD90C,sub_D90C,true,unannotated
0xD900,0xD928,sub_D928,true,unannotated
0xDCE2,0xDD29,sub_DD29,true,unannotated
0xE096,0xDD2D,sub_DD2D,true,unannotated
0xE09F,0xDD37,sub_DD37,true,unannotated
0xE0A8,0xDCD9,sub_DCD9,true,unannotated
0xE0AF,0xDD37,sub_DD37,true,unannotated
0xE0B3,0xE0CC,sub_E0CC,true,unannotated
0xE0BA,0x94E2,sub_94E2,true,unannotated
0xE102,0xE0CC,sub_E0CC,true,unannotated
0xE289,0xE33F,sub_E33F,true,unannotated
0xE2A4,0xE365,sub_E365,true,unannotated
0xE2B3,0xE32F,sub_E32F,true,unannotated
0xE2E8,0xE365,sub_E365,true,unannotated
0xE2FE,0xE32F,sub_E32F,true,unannotated
0xE342,0xE326,sub_E326,true,unannotated
0xE36C,0xE326,sub_E326,true,unannotated
0xE396,0xB2BA,interp_1d_s8,true,strong
0xE3DE,0xB32B,interp_2d_s8,true,confirmed
0xE404,0xB2AB,interp_1d_u8,true,confirmed
0xE438,0xB26E,interp_1d_word,true,confirmed
0xE44B,0xB2AB,interp_1d_u8,true,confirmed
0xE458,0xB26E,interp_1d_word,true,confirmed
0xE46D,0xE6DA,sub_E6DA,true,unannotated
0xE497,0xE6DA,sub_E6DA,true,unannotated
0xE4A2,0xE6DA,sub_E6DA,true,unannotated
0xE506,0xB2AB,interp_1d_u8,true,confirmed
0xE513,0xB2AB,interp_1d_u8,true,confirmed
0xE520,0xB26E,interp_1d_word,true,confirmed
0xE535,0xE6DA,sub_E6DA,true,unannotated
0xE54B,0xE6DA,sub_E6DA,true,unannotated
0xE556,0xE6DA,sub_E6DA,true,unannotated
0xE62A,0xE715,apply_signed_fraction,true,confirmed
0xE634,0xE748,apply_adaptive_trim,true,confirmed
0xE642,0xE6DA,sub_E6DA,true,unannotated
0xE64D,0xE6DA,sub_E6DA,true,unannotated
0xE6AD,0xE6DA,sub_E6DA,true,unannotated
0xE6CB,0x96F3,sub_96F3,true,unannotated
0xE6D5,0x4405,sub_4405,true,unannotated
0xE7D4,0xB2AB,interp_1d_u8,true,confirmed
0xE7F7,0xB2AB,interp_1d_u8,true,confirmed
0xE804,0xB26E,interp_1d_word,true,confirmed
0xE811,0xB26E,interp_1d_word,true,confirmed
0xE81E,0xB2AB,interp_1d_u8,true,confirmed
0xE82B,0xB2AB,interp_1d_u8,true,confirmed
0xE838,0xB2AB,interp_1d_u8,true,confirmed
0xE845,0xB2AB,interp_1d_u8,true,confirmed
0xE866,0xB32B,interp_2d_s8,true,confirmed
0xE887,0xB32B,interp_2d_s8,true,confirmed
0xE8BA,0xB2AB,interp_1d_u8,true,confirmed
0xE9A0,0xB26E,interp_1d_word,true,confirmed
0xE9C4,0xB2AB,interp_1d_u8,true,confirmed
0xE9F6,0xB2AB,interp_1d_u8,true,confirmed
0xEA1D,0xB2AB,interp_1d_u8,true,confirmed
0xEA3A,0xB2AB,interp_1d_u8,true,confirmed
0xEAA4,0xEB16,sub_EB16,true,unannotated
0xEAFF,0xEB16,sub_EB16,true,unannotated
0xEB24,0xB2AB,interp_1d_u8,true,confirmed
0xEB43,0xE078,sub_E078,true,unannotated
0xEBD9,0xEF7D,sub_EF7D,true,unannotated
0xEBF4,0xEFFF,sub_EFFF,true,unannotated
0xEBFE,0xEFC0,sub_EFC0,true,unannotated
0xEC05,0xEFC0,sub_EFC0,true,unannotated
0xEC85,0xEFC8,sub_EFC8,true,unannotated
0xEC9D,0xEFC8,sub_EFC8,true,unannotated
0xECC0,0xEFC0,sub_EFC0,true,unannotated
0xECD3,0xEFB6,sub_EFB6,true,unannotated
0xED94,0xEFFF,sub_EFFF,true,unannotated
0xEDC7,0xEFC0,sub_EFC0,true,unannotated
0xEDE1,0xEFB6,sub_EFB6,true,unannotated
0xEDE4,0xEFD4,sub_EFD4,true,unannotated
0xEDEE,0xEFC0,sub_EFC0,true,unannotated
0xEE06,0xEFC8,sub_EFC8,true,unannotated
0xEE15,0xEFC0,sub_EFC0,true,unannotated
0xEE1B,0xEFC8,sub_EFC8,true,unannotated
0xEE58,0xEFC8,sub_EFC8,true,unannotated
0xEE6F,0xEFFF,sub_EFFF,true,unannotated
0xEE7B,0xEFC0,sub_EFC0,true,unannotated
0xEE9E,0xEFE0,sub_EFE0,true,unannotated
0xEEA9,0xEFE0,sub_EFE0,true,unannotated
0xEEB0,0xEFE0,sub_EFE0,true,unannotated
0xEFE0,0xEFC0,sub_EFC0,true,unannotated
0xEFEE,0xEFC0,sub_EFC0,true,unannotated
